{
  "_note1": "KEEP THIS FILE! Check it into a version control system (VCS) like git.",
  "_note2": "ObjectBox manages crucial IDs for your object model. See docs for details.",
  "_note3": "If you have VCS merge conflicts, you must resolve them according to ObjectBox docs.",
  "entities": [
    {
      "id": "1:4133749512762693044",
      "lastPropertyId": "5:7798211889028382787",
      "name": "User",
      "properties": [
        {
          "id": "1:8488612740837981165",
          "name": "id",
          "type": 6,
          "flags": 1
        },
        {
          "id": "3:8136593491649549976",
          "name": "text",
          "type": 9
        },
        {
          "id": "4:6278149506524031652",
          "name": "comment",
          "type": 9
        },
        {
          "id": "5:7798211889028382787",
          "name": "date",
          "type": 10
        }
      ],
      "relations": []
    }
  ],
  "lastEntityId": "1:4133749512762693044",
  "lastIndexId": "0:0",
  "lastRelationId": "0:0",
  "lastSequenceId": "0:0",
  "modelVersion": 5,
  "modelVersionParserMinimum": 5,
  "retiredEntityUids": [],
  "retiredIndexUids": [],
  "retiredPropertyUids": [
    8445454631606522238
  ],
  "retiredRelationUids": [],
  "version": 1
}